1,CUAAD,LICENCIATURA EN ARQUITECTURA,160.8633,220,220,867
1,CUAAD,LICENCIATURA EN DISEÑO ARTE Y TECNOLOGIAS INTERACTIVAS,181.1767,20,20,364
1,CUAAD,LICENCIATURA EN DISEÑO DE INTERIORES  Y AMBIENTACION ,149.5833,60,60,217
1,CUAAD,LICENCIATURA EN DISEÑO DE MODAS,157.7967,40,40,131
1,CUAAD,LICENCIATURA EN DISEÑO INDUSTRIAL,151.2933,80,80,254
1,CUAAD,LICENCIATURA EN DISEÑO PARA LA COMUNICACION GRAFICA,145.7467,160,160,463
1,CUAAD,LICENCIATURA EN URBANISTICA Y MEDIO AMBIENTE,72.0000,50,41,41
1,CUAAD,LICENCIATURA EN ARTES AUDIOVISUALES  ,72.0000,17,17,17
1,CUAAD,LICENCIATURA EN ARTES ESCENICAS PARA LA EXPRESION DANCISTICA,67.0000,35,35,35
1,CUAAD,LICENCIATURA EN ARTES ESCENICAS PARA LA EXPRESION TEATRAL,70.1800,25,24,24
1,CUAAD,LICENCIATURA EN ARTES VISUALES PARA LA EXPRESION FOTOGRAFICA,68.0000,60,56,56
1,CUAAD,LICENCIATURA EN ARTES VISUALES PARA LA EXPRESION PLASTICA,73.0000,60,60,60
1,CUCBA,INGENIERO AGRONOMO,71.0000,260,260,270
1,CUCBA,LICENCIATURA EN AGRONEGOCIOS,67.4400,40,39,39
1,CUCBA,LICENCIATURA EN BIOLOGIA,64.9500,260,205,205
1,CUCBA,LICENCIATURA EN CIENCIA DE LOS ALIMENTOS,74.5600,40,20,20
1,CUCBA,LICENCIATURA EN MEDICINA VETERINARIA Y ZOOTECNIA,140.4400,270,270,842
1,CUCEA,INGENIERIA EN NEGOCIOS,137.7133,95,95,163
1,CUCEA,LICENCIATURA EN ADMINISTRACION,129.9067,392,392,696
1,CUCEA,LICENCIATURA EN ADMINISTRACION FINANCIERA Y SISTEMAS,147.3333,248,248,582
1,CUCEA,LICENCIATURA EN ADMINISTRACION GUBERNAMENTAL Y POLITICAS PUBLICAS ,96.8300,69,69,69
1,CUCEA,LICENCIATURA EN CONTADURIA PUBLICA,132.6467,471,471,806
1,CUCEA,LICENCIATURA EN ECONOMIA,99.8267,123,123,123
1,CUCEA,LICENCIATURA EN GESTION DE NEGOCIOS GASTRONOMICOS,137.2467,133,133,308
1,CUCEA,LICENCIATURA EN GESTION Y ECONOMIA AMBIENTAL,101.7500,46,46,46
1,CUCEA,LICENCIATURA EN MERCADOTECNIA,137.7033,303,303,663
1,CUCEA,LICENCIATURA EN NEGOCIOS INTERNACIONALES,137.8567,464,464,934
1,CUCEA,LICENCIATURA EN RECURSOS HUMANOS,117.5433,167,167,238
1,CUCEA,LICENCIATURA EN RELACIONES PUBLICAS Y COMUNICACION,125.0133,98,98,138
1,CUCEA,LICENCIATURA EN TECNOLOGIAS DE LA INFORMACION,106.9167,106,106,112
1,CUCEA,LICENCIATURA EN TURISMO,109.0100,174,174,190
1,CUCEI,INGENIERIA BIOMEDICA,160.2500,110,110,221
1,CUCEI,INGENIERIA CIVIL,152.6433,140,140,431
1,CUCEI,INGENIERIA EN COMPUTACION,142.1800,300,300,658
1,CUCEI,INGENIERIA EN COMUNICACIONES Y ELECTRONICA,128.1667,130,130,200
1,CUCEI,INGENIERIA EN LOGISTICA Y TRANSPORTE,128.6767,50,50,87
1,CUCEI,INGENIERIA EN TOPOGRAFIA GEOMATICA,120.1133,50,28,43
1,CUCEI,INGENIERIA FOTONICA,113.6367,25,25,26
1,CUCEI,INGENIERIA INDUSTRIAL,146.7667,215,215,571
1,CUCEI,INGENIERIA INFORMATICA,139.7500,275,275,517
1,CUCEI,INGENIERIA MECANICA ELECTRICA,139.9167,210,210,402
1,CUCEI,INGENIERIA QUIMICA,146.9833,170,170,325
1,CUCEI,INGENIERIA ROBOTICA,147.8333,70,70,137
1,CUCEI,LICENCIATURA EN CIENCIA DE MATERIALES,111.3333,35,18,18
1,CUCEI,LICENCIATURA EN FISICA,160.5733,90,90,154
1,CUCEI,LICENCIATURA EN INGENIERIA EN ALIMENTOS Y BIOTECNOLOGIA,146.8133,70,70,166
1,CUCEI,LICENCIATURA EN MATEMATICAS,132.9167,60,60,77
1,CUCEI,LICENCIATURA EN QUIMICA,129.7700,92,92,123
1,CUCEI,LICENCIATURA EN QUIMICO FARMACEUTICO BIOLOGO,164.3700,180,180,739
1,CUCS,LICENCIATURA EN CIENCIAS FORENSES,93.1800,33,33,142
1,CUCS,LICENCIATURA EN CIRUJANO DENTISTA,166.0100,157,157,"1,050"
1,CUCS,LICENCIATURA EN CULTURA FISICA Y DEPORTES,133.8367,186,186,487
1,CUCS,LICENCIATURA EN ENFERMERIA,142.6067,360,360,"1,239"
1,CUCS,LICENCIATURA EN ENFERMERIA (NIVELACION),69.0000,58,58,58
1,CUCS,LICENCIATURA EN NUTRICION,149.4967,124,124,531
1,CUCS,LICENCIATURA EN PODOLOGIA,90.5700,30,30,127
1,CUCS,LICENCIATURA EN PSICOLOGIA ,161.1900,218,218,"1,412"
1,CUCS,LICENCIATURA EN TERAPIA FISICA,89.0500,62,62,129
1,CUCS,MEDICO CIRUJANO Y PARTERO,177.0000,367,367,"2,080"
1,CUCS,TECNICO SUPERIOR UNIVERSITARIO EN EMERGENCIASSEGURIDAD LABORAL Y RESCATES,87.0300,62,62,142
1,CUCS,TECNICO SUPERIOR UNIVERSITARIO EN PROTESIS DENTAL,78.1300,63,63,72
1,CUCS,TECNICO SUPERIOR UNIVERSITARIO EN RADIOLOGIA E IMAGEN,84.0200,94,94,173
1,CUCS,TECNICO SUPERIOR UNIVERSITARIO EN TERAPIA RESPIRATORIA ,81.0000,32,32,43
1,CUCSH,ABOGADO,136.6233,420,420,975
1,CUCSH,ABOGADO (SEMIESCOLARIZADO),126.7667,200,200,379
1,CUCSH,LICENCIATURA EN ANTROPOLOGIA,119.0833,40,40,47
1,CUCSH,LICENCIATURA EN FILOSOFIA,75.6300,60,60,67
1,CUCSH,LICENCIATURA EN GEOGRAFIA,76.6700,50,16,16
1,CUCSH,LICENCIATURA EN HISTORIA,69.0000,90,77,77
1,CUCSH,LICENCIATURA EN LETRAS HISPANICAS,126.0167,82,82,93
1,CUCSH,LICENCIATURA EN COMUNICACION PUBLICA,138.3533,35,35,88
1,CUCSH,LICENCIATURA EN CRIMINOLOGIA,131.3367,90,90,231
1,CUCSH,LICENCIATURA EN ESTUDIOS POLITICOS Y GOBIERNO,61.6900,80,65,65
1,CUCSH,LICENCIATURA EN RELACIONES INTERNACIONALES,144.6467,80,80,173
1,CUCSH,LICENCIATURA EN SOCIOLOGIA,68.3300,80,60,60
1,CUCSH,LICENCIATURA EN TRABAJO SOCIAL (ESCOLARIZADA),111.5467,153,153,187
1,CUCSH,LICENCIATURA EN TRABAJO SOCIAL (NIVELACION),69.0000,37,37,37
1,CUALTOS,ABOGADO,120.9367,44,44,56
1,CUALTOS,LICENCIATURA EN ADMINISTRACION,113.0833,44,37,37
1,CUALTOS,LICENCIATURA EN CIRUJANO DENTISTA,158.6200,44,44,189
1,CUALTOS,LICENCIATURA EN CONTADURIA PUBLICA,130.5067,44,44,57
1,CUALTOS,LICENCIATURA EN ENFERMERIA,121.3867,44,44,62
1,CUALTOS,LICENCIATURA EN MEDICINA VETERINARIA Y ZOOTECNIA,146.2500,44,44,146
1,CUALTOS,LICENCIATURA EN NEGOCIOS INTERNACIONALES,103.0700,47,47,47
1,CUALTOS,LICENCIATURA EN NUTRICION,125.0167,44,44,77
1,CUALTOS,LICENCIATURA EN PSICOLOGIA ,127.5200,44,44,66
1,CUALTOS,MEDICO CIRUJANO Y PARTERO,176.8667,44,44,276
1,CUCI,ABOGADO,71.4300,35,10,10
1,CUCI,LICENCIATURA EN ADMINISTRACION,81.2300,35,5,5
1,CUCI,LICENCIATURA EN AGROBIOTECNOLOGIA,69.0000,35,23,23
1,CUCI,LICENCIATURA EN AGRONEGOCIOS,68.0000,35,10,10
1,CUCI,ABOGADO,96.4167,40,37,37
1,CUCI,INGENIERIA EN COMPUTACION,71.0000,35,24,24
1,CUCI,INGENIERIA INDUSTRIAL,114.6400,40,40,50
1,CUCI,INGENIERIA INFORMATICA,65.4900,35,24,24
1,CUCI,INGENIERIA QUIMICA,137.1267,40,40,68
1,CUCI,LICENCIATURA EN ADMINISTRACION,71.0000,40,39,39
1,CUCI,LICENCIATURA EN CONTADURIA PUBLICA,76.0000,40,26,26
1,CUCI,LICENCIATURA EN MERCADOTECNIA,70.0000,40,20,20
1,CUCI,LICENCIATURA EN NEGOCIOS INTERNACIONALES,106.2100,40,40,41
1,CUCI,LICENCIATURA EN PSICOLOGIA ,70.0000,80,70,70
1,CUCI,LICENCIATURA EN QUIMICO FARMACEUTICO BIOLOGO,144.7467,60,60,139
1,CUCI,LICENCIATURA EN RECURSOS HUMANOS,70.9400,40,20,20
1,CUCI,MEDICO CIRUJANO Y PARTERO,171.5600,30,30,263
1,CUCI,ABOGADO,76.0000,35,4,4
1,CUCI,LICENCIATURA EN ADMINISTRACION,69.0000,35,17,17
1,CUCI,LICENCIATURA EN CONTADURIA PUBLICA,71.5600,35,14,14
1,CUCI,LICENCIATURA EN PSICOLOGIA ,74.9500,35,12,12
1,CUCI,LICENCIATURA EN RECURSOS HUMANOS,83.3600,35,5,5
1,CUCOSTA,ABOGADO,70.9300,52,44,44
1,CUCOSTA,INGENIERIA CIVIL,71.0000,36,33,33
1,CUCOSTA,INGENIERIA EN COMPUTACION,70.0000,33,31,31
1,CUCOSTA,INGENIERIA EN TELEMATICA,73.0700,11,9,9
1,CUCOSTA,INGENIERIA EN VIDEOJUEGOS,76.0000,30,30,36
1,CUCOSTA,LICENCIATURA EN ADMINISTRACION,70.0000,81,72,72
1,CUCOSTA,LICENCIATURA EN ARQUITECTURA,66.4900,80,69,69
1,CUCOSTA,LICENCIATURA EN ARTES VISUALES PARA LA EXPRESION FOTOGRAFICA,71.0700,10,10,10
1,CUCOSTA,LICENCIATURA EN ARTES VISUALES PARA LA EXPRESION PLASTICA,73.0000,26,21,21
1,CUCOSTA,LICENCIATURA EN BIOLOGIA,65.0000,31,29,29
1,CUCOSTA,LICENCIATURA EN CIENCIAS Y ARTES CULINARIAS,82.5100,30,30,40
1,CUCOSTA,LICENCIATURA EN CONTADURIA PUBLICA,69.0000,79,68,68
1,CUCOSTA,LICENCIATURA EN CULTURA FISICA Y DEPORTES,68.0000,39,34,34
1,CUCOSTA,LICENCIATURA EN DISEÑO PARA LA COMUNICACION GRAFICA,68.8800,35,34,34
1,CUCOSTA,LICENCIATURA EN ENFERMERIA,128.9167,41,41,79
1,CUCOSTA,LICENCIATURA EN INGENIERIA EN COMUNICACION MULTIMEDIA,67.0000,30,26,26
1,CUCOSTA,LICENCIATURA EN NUTRICION,120.9200,40,40,60
1,CUCOSTA,LICENCIATURA EN PSICOLOGIA ,67.0000,88,79,79
1,CUCOSTA,LICENCIATURA EN TURISMO,68.0000,32,29,29
1,CUCOSTA,MEDICO CIRUJANO Y PARTERO,172.7567,41,41,290
1,CUCSUR,ABOGADO,71.0000,70,30,30
1,CUCSUR,INGENIERIA DE PROCESOS Y COMERCIO INTERNACIONAL,68.5100,30,17,17
1,CUCSUR,INGENIERIA MECATRONICA,72.0000,40,18,18
1,CUCSUR,INGENIERO AGRONOMO,105.2500,50,50,68
1,CUCSUR,LICENCIATURA EN ADMINISTRACION,71.6400,40,28,28
1,CUCSUR,LICENCIATURA EN ADMINISTRACION FINANCIERA Y SISTEMAS,72.0800,30,18,18
1,CUCSUR,LICENCIATURA EN ARTES (ESCOLARIZADA),69.7100,38,32,32
1,CUCSUR,LICENCIATURA EN BIOLOGIA MARINA,96.2500,35,33,33
1,CUCSUR,LICENCIATURA EN CONTADURIA PUBLICA,72.0000,40,30,30
1,CUCSUR,LICENCIATURA EN ENFERMERIA,123.7733,40,40,80
1,CUCSUR,LICENCIATURA EN INGENIERIA EN OBRAS Y SERVICIOS,75.0500,50,20,20
1,CUCSUR,LICENCIATURA EN INGENIERIA EN RECURSOS NATURALES Y AGROPECUARIOS,67.7200,30,8,8
1,CUCSUR,LICENCIATURA EN INGENIERIA EN TELEINFORMATICA,70.0000,30,10,10
1,CUCSUR,LICENCIATURA EN NUTRICION,73.9300,40,21,21
1,CUCSUR,LICENCIATURA EN TURISMO,73.9000,30,11,11
1,CUCSUR,TECNICO SUPERIOR UNIVERSITARIO EN ELECTRONICA Y MECANICA AUTOMOTRIZ,67.8400,30,21,21
1,CULAGOS,ABOGADO (SEMIESCOLARIZADO),70.0000,46,46,46
1,CULAGOS,INGENIERIA BIOQUIMICA,72.0000,46,46,46
1,CULAGOS,INGENIERIA INDUSTRIAL,68.6700,45,17,17
1,CULAGOS,INGENIERIA MECATRONICA,72.0000,45,24,24
1,CULAGOS,LICENCIATURA EN INGENIERIA EN ADMINISTRACION INDUSTRIAL,71.5100,45,22,22
1,CULAGOS,LICENCIATURA EN PSICOLOGIA ,68.9500,45,38,38
1,CULAGOS,ABOGADO,72.4100,45,15,15
1,CULAGOS,LICENCIATURA EN ADMINISTRACION,67.1600,45,23,23
1,CULAGOS,LICENCIATURA EN LENGUAS Y CULTURAS EXTRANJERAS,87.0800,50,50,90
1,CULAGOS,LICENCIATURA EN PSICOLOGIA ,69.9000,45,11,11
1,CUNORTE,ABOGADO,67.3600,35,20,20
1,CUNORTE,INGENIERIA EN ELECTRONICA Y COMPUTACION,71.0000,20,8,8
1,CUNORTE,INGENIERIA MECANICA ELECTRICA,71.0000,15,3,3
1,CUNORTE,LICENCIATURA EN ADMINISTRACION,71.4400,30,13,13
1,CUNORTE,LICENCIATURA EN AGRONEGOCIOS,71.7000,20,5,5
1,CUNORTE,LICENCIATURA EN ANTROPOLOGIA,77.0000,15,2,2
1,CUNORTE,LICENCIATURA EN CONTADURIA PUBLICA,66.0000,30,13,13
1,CUNORTE,LICENCIATURA EN EDUCACION,68.0000,60,46,46
1,CUNORTE,LICENCIATURA EN ENFERMERIA,67.0000,50,31,31
1,CUNORTE,LICENCIATURA EN ENFERMERIA (NIVELACION),71.0000,40,20,20
1,CUNORTE,LICENCIATURA EN NUTRICION,75.0000,30,11,11
1,CUNORTE,LICENCIATURA EN PSICOLOGIA ,67.9000,30,11,11
1,CUSUR,ABOGADO,67.0000,84,84,84
1,CUSUR,CARRERA EN ENFERMERIA,71.0000,40,17,17
1,CUSUR,INGENIERIA EN TELEMATICA,77.0000,50,19,19
1,CUSUR,LICENCIATURA EN AGROBIOTECNOLOGIA,68.4700,40,39,39
1,CUSUR,LICENCIATURA EN AGRONEGOCIOS,68.7400,70,54,54
1,CUSUR,LICENCIATURA EN CIRUJANO DENTISTA,159.9300,36,36,227
1,CUSUR,LICENCIATURA EN CULTURA FISICA Y DEPORTES,83.0000,42,42,92
1,CUSUR,LICENCIATURA EN DESARROLLO TURISTICO SUSTENTABLE,75.9500,40,16,16
1,CUSUR,LICENCIATURA EN ENFERMERIA,83.8500,90,90,118
1,CUSUR,LICENCIATURA EN MEDICINA VETERINARIA Y ZOOTECNIA,86.0000,79,79,173
1,CUSUR,LICENCIATURA EN NEGOCIOS INTERNACIONALES,81.0000,82,82,112
1,CUSUR,LICENCIATURA EN NUTRICION,76.8700,60,60,68
1,CUSUR,LICENCIATURA EN PSICOLOGIA ,81.0000,80,80,109
1,CUSUR,LICENCIATURA EN SEGURIDAD LABORAL PROTECCION CIVIL Y EMERGENCIAS,69.0000,40,21,21
1,CUSUR,LICENCIATURA EN TRABAJO SOCIAL (MIXTA),70.4400,40,39,39
1,CUSUR,MEDICO CIRUJANO Y PARTERO,172.1667,60,60,383
1,CUTLAJO,INGENIERIA CIVIL,140.9300,35,35,99
1,CUTLAJO,INGENIERIA MECATRONICA,139.9533,35,35,107
1,CUTLAJO,LICENCIATURA EN ADMINISTRACION,129.1967,70,70,146
1,CUTLAJO,LICENCIATURA EN ENFERMERIA,134.7467,70,70,228
1,CUTLAJO,LICENCIATURA EN NEGOCIOS INTERNACIONALES,125.4033,70,70,124
1,CUTLAJO,LICENCIATURA EN NUTRICION,127.3333,70,70,149
1,CUTLAJO,LICENCIATURA EN TERAPIA FISICA,89.1000,30,30,83
1,CUTLAJO,MEDICO CIRUJANO Y PARTERO,173.7233,70,70,554
1,CUTONALA,ABOGADO,121.3433,180,180,311
1,CUTONALA,INGENIERIA EN CIENCIAS COMPUTACIONALES,113.7867,90,90,110
1,CUTONALA,INGENIERIA EN ENERGIA,67.0000,60,52,52
1,CUTONALA,INGENIERIA EN NANOTECNOLOGIA,101.6667,90,76,76
1,CUTONALA,LICENCIATURA EN ADMINISTRACION DE NEGOCIOS,125.8100,120,120,213
1,CUTONALA,LICENCIATURA EN ARQUITECTURA,126.2567,80,80,90
1,CUTONALA,LICENCIATURA EN CIENCIAS FORENSES,141.4767,35,35,118
1,CUTONALA,LICENCIATURA EN CONTADURIA PUBLICA,119.7200,120,120,164
1,CUTONALA,LICENCIATURA EN DISEÑO DE ARTESANIA,70.0000,30,20,20
1,CUTONALA,LICENCIATURA EN ESTUDIOS LIBERALES,71.0000,30,18,18
1,CUTONALA,LICENCIATURA EN GERONTOLOGIA,117.5233,35,35,50
1,CUTONALA,LICENCIATURA EN HISTORIA DEL ARTE,67.0000,30,20,20
1,CUTONALA,LICENCIATURA EN NUTRICION,133.3400,70,70,204
1,CUTONALA,LICENCIATURA EN SALUD PUBLICA,103.0833,35,30,30
1,CUTONALA,MEDICO CIRUJANO Y PARTERO,176.7267,120,120,"1,031"
1,CUVALLES,ABOGADO,113.0167,40,40,57
1,CUVALLES,INGENIERIA EN DISEÑO MOLECULAR DE MATERIALES,74.3100,15,5,5
1,CUVALLES,INGENIERIA EN ELECTRONICA Y COMPUTACION,66.2600,36,29,29
1,CUVALLES,INGENIERIA EN GEOFISICA,82.0000,15,3,3
1,CUVALLES,INGENIERIA EN INSTRUMENTACION ELECTRONICA Y NANOSENSORES,77.0000,15,3,3
1,CUVALLES,INGENIERIA EN SISTEMAS BIOLOGICOS,71.6900,25,14,14
1,CUVALLES,INGENIERIA MECATRONICA,73.4900,40,36,36
1,CUVALLES,LICENCIATURA EN ADMINISTRACION,115.2333,40,40,57
1,CUVALLES,LICENCIATURA EN AGRONEGOCIOS,67.0000,30,18,18
1,CUVALLES,LICENCIATURA EN CONTADURIA PUBLICA,123.4167,40,40,63
1,CUVALLES,LICENCIATURA EN EDUCACION,102.2400,72,72,77
1,CUVALLES,LICENCIATURA EN ENFERMERIA,123.7267,72,72,169
1,CUVALLES,LICENCIATURA EN NUTRICION,117.3700,40,40,68
1,CUVALLES,LICENCIATURA EN PSICOLOGIA ,112.9167,72,72,85
1,CUVALLES,LICENCIATURA EN TECNOLOGIAS DE LA INFORMACION,73.8700,25,15,15
1,CUVALLES,LICENCIATURA EN TRABAJO SOCIAL (ESCOLARIZADA),102.8367,40,40,42
1,CUVALLES,LICENCIATURA EN TURISMO,71.6900,30,20,20
1,SUV,BACHILLERATO GENERAL POR AREAS INTERDISCIPLINARIAS,68.0000,99,85,96
1,SUV,LICENCIATURA EN ADMINISTRACION DE LAS ORGANIZACIONES,60.0000,269,258,296
1,SUV,LICENCIATURA EN BIBLIOTECOLOGIA Y GESTION DEL CONOCIMIENTO,76.0000,17,16,16
1,SUV,LICENCIATURA EN DESARROLLO DE SISTEMAS WEB,65.0000,142,134,147
1,SUV,LICENCIATURA EN DESARROLLO EDUCATIVO,67.0000,122,116,134
1,SUV,LICENCIATURA EN GESTION CULTURAL,60.0000,67,61,65
1,SUV,LICENCIATURA EN MERCADOTECNIA DIGITAL,60.0000,229,217,238
1,SUV,LICENCIATURA EN PERIODISMO DIGITAL,60.0000,19,17,18
1,SUV,LICENCIATURA EN SEGURIDAD CIUDADANA,66.8400,35,33,38
1,SUV,LICENCIATURA EN TECNOLOGIAS E INFORMACION,65.0000,113,105,116
2,CUAAD,LICENCIATURA EN ARQUITECTURA,165.9967,220,220,1194
2,CUAAD,LICENCIATURA EN DISEÑO ARTE Y TECNOLOGIAS INTERACTIVAS,178.6667,21,21,571
2,CUAAD,LICENCIATURA EN DISEÑO DE INTERIORES Y AMBIENTACION ,155.9400,60,60,329
2,CUAAD,LICENCIATURA EN DISEÑO DE MODAS,162.5000,40,40,231
2,CUAAD,LICENCIATURA EN DISEÑO INDUSTRIAL,161.0867,80,80,393
2,CUAAD,LICENCIATURA EN DISEÑO PARA LA COMUNICACION GRAFICA,151.4333,170,170,651
2,CUAAD,LICENCIATURA EN URBANISTICA Y MEDIO AMBIENTE,73.1400,50,45,45
2,CUAAD,LICENCIATURA EN MUSICA CON ORIENTACION EN CANTO,88.0000,5,1,1
2,CUAAD,LICENCIATURA EN MUSICA CON ORIENTACION EN COMPOSICION,75.4600,10,5,5
2,CUAAD,LICENCIATURA EN MUSICA CON ORIENTACION EN DIRECCION CORAL,76.3300,10,4,4
2,CUAAD,LICENCIATURA EN MUSICA CON ORIENTACION EN EJECUTANTE,73.0000,25,15,15
2,CUAAD,LICENCIATURA EN MUSICA CON ORIENTACION EN PEDAGOGIA MUSICAL,89.3500,10,5,5
2,CUAAD,TECNICO EN MUSICA,68.0000,150,109,109
2,CUAAD,LICENCIATURA EN ARTES ESCENICAS PARA LA EXPRESION DANCISTICA,68.0000,37,37,37
2,CUAAD,LICENCIATURA EN ARTES ESCENICAS PARA LA EXPRESION TEATRAL,73.5900,25,23,23
2,CUAAD,LICENCIATURA EN ARTES VISUALES PARA LA EXPRESION FOTOGRAFICA,71.0000,60,57,57
2,CUAAD,LICENCIATURA EN ARTES VISUALES PARA LA EXPRESION PLASTICA,77.8800,61,61,61
2,CUCBA,INGENIERO AGRONOMO,82.5000,260,260,411
2,CUCBA,LICENCIATURA EN AGRONEGOCIOS,67.8100,50,45,45
2,CUCBA,LICENCIATURA EN BIOLOGIA,76.6200,260,260,279
2,CUCBA,LICENCIATURA EN CIENCIA DE LOS ALIMENTOS,69.0000,40,38,38
2,CUCBA,LICENCIATURA EN MEDICINA VETERINARIA Y ZOOTECNIA,92.3800,270,270,1404
2,CUCEA,INGENIERIA EN NEGOCIOS,92.0000,91,91,241
2,CUCEA,LICENCIATURA EN ADMINISTRACION,139.0367,385,385,933
2,CUCEA,LICENCIATURA EN ADMINISTRACION FINANCIERA Y SISTEMAS,157.3333,245,245,834
2,CUCEA,LICENCIATURA EN ADMINISTRACION GUBERNAMENTAL Y POLITICAS PUBLICAS ,75.8600,90,90,102
2,CUCEA,LICENCIATURA EN CONTADURIA PUBLICA,144.9033,465,465,1190
2,CUCEA,LICENCIATURA EN ECONOMIA,87.0000,111,111,211
2,CUCEA,LICENCIATURA EN GESTION DE NEGOCIOS GASTRONOMICOS,91.8800,128,128,498
2,CUCEA,LICENCIATURA EN GESTION Y ECONOMIA AMBIENTAL,80.0500,46,46,52
2,CUCEA,LICENCIATURA EN MERCADOTECNIA,149.1000,299,299,994
2,CUCEA,LICENCIATURA EN NEGOCIOS INTERNACIONALES,151.4267,456,456,1521
2,CUCEA,LICENCIATURA EN RECURSOS HUMANOS,86.4000,165,165,421
2,CUCEA,LICENCIATURA EN RELACIONES PUBLICAS Y COMUNICACION ,89.0000,94,94,282
2,CUCEA,LICENCIATURA EN TECNOLOGIAS DE LA INFORMACION,74.8700,104,104,115
2,CUCEA,LICENCIATURA EN TURISMO,87.0000,172,172,319
2,CUCEI,INGENIERIA BIOMEDICA,170.7500,110,110,384
2,CUCEI,INGENIERIA CIVIL,163.7800,140,140,740
2,CUCEI,INGENIERIA EN COMPUTACION,153.7000,300,300,864
2,CUCEI,INGENIERIA EN COMUNICACIONES Y ELECTRONICA,140.3333,130,109,211
2,CUCEI,INGENIERIA EN LOGISTICA Y TRANSPORTE,127.9000,50,39,60
2,CUCEI,INGENIERIA EN TOPOGRAFIA GEOMATICA,125.4033,50,21,33
2,CUCEI,INGENIERIA FOTONICA,140.4533,25,13,29
2,CUCEI,INGENIERIA INDUSTRIAL,158.6667,215,215,993
2,CUCEI,INGENIERIA INFORMATICA,150.3700,275,275,703
2,CUCEI,INGENIERIA MECANICA ELECTRICA,152.1067,210,210,631
2,CUCEI,INGENIERIA QUIMICA,163.3667,170,170,593
2,CUCEI,INGENIERIA ROBOTICA,163.9167,70,70,254
2,CUCEI,LICENCIATURA EN CIENCIA DE MATERIALES,141.8800,35,9,19
2,CUCEI,LICENCIATURA EN FISICA,173.1667,65,65,263
2,CUCEI,LICENCIATURA EN INGENIERIA EN ALIMENTOS Y BIOTECNOLOGIA,154.3100,70,70,246
2,CUCEI,LICENCIATURA EN MATEMATICAS,145.8333,60,60,92
2,CUCEI,LICENCIATURA EN QUIMICA,140.1133,92,92,140
2,CUCEI,LICENCIATURA EN QUIMICO FARMACEUTICO BIOLOGO,169.2167,180,180,1251
2,CUCS,CARRERA DE ENFERMERIA (SEMIESCOLARIZADA),67.0000,10,10,10
2,CUCS,CARRERA EN ENFERMERIA,63.0000,186,123,123
2,CUCS,LICENCIATURA EN CIENCIAS FORENSES,95.4400,33,33,255
2,CUCS,LICENCIATURA EN CIRUJANO DENTISTA,168.0800,157,157,1514
2,CUCS,LICENCIATURA EN CULTURA FISICA Y DEPORTES,142.2500,186,186,721
2,CUCS,LICENCIATURA EN ENFERMERIA,151.1567,244,244,1508
2,CUCS,LICENCIATURA EN ENFERMERIA (MODALIDAD A DISTANCIA),68.6100,12,12,12
2,CUCS,LICENCIATURA EN ENFERMERIA (NIVELACION),67.4000,53,47,47
2,CUCS,LICENCIATURA EN NUTRICION,158.3767,124,124,797
2,CUCS,LICENCIATURA EN PODOLOGIA,90.1500,30,30,133
2,CUCS,LICENCIATURA EN PSICOLOGIA ,164.2700,218,218,1824
2,CUCS,MEDICO CIRUJANO Y PARTERO,180.4167,367,367,4403
2,CUCS,TECNICO SUPERIOR UNIVERSITARIO EN EMERGENCIASSEGURIDAD LABORAL Y RESCATES,86.2600,62,62,181
2,CUCS,TECNICO SUPERIOR UNIVERSITARIO EN PROTESIS DENTAL,76.0000,63,63,71
2,CUCS,TECNICO SUPERIOR UNIVERSITARIO EN RADIOLOGIA E IMAGEN,83.2800,94,94,189
2,CUCS,TECNICO SUPERIOR UNIVERSITARIO EN TERAPIA FISICA,93.5500,62,62,436
2,CUCS,TECNICO SUPERIOR UNIVERSITARIO EN TERAPIA RESPIRATORIA ,78.6100,32,32,51
2,CUCSH,ABOGADO,148.0000,420,420,1404
2,CUCSH,ABOGADO (SEMIESCOLARIZADO),84.0300,200,200,493
2,CUCSH,LICENCIATURA EN ANTROPOLOGIA,86.1700,40,40,65
2,CUCSH,LICENCIATURA EN DIDACTICA DEL FRANCES COMO LENGUA EXTRANJERA,73.0800,34,33,33
2,CUCSH,LICENCIATURA EN DOCENCIA DEL INGLES COMO LENGUA EXTRANJERA,78.8500,45,45,45
2,CUCSH,LICENCIATURA EN FILOSOFIA,69.0000,61,59,59
2,CUCSH,LICENCIATURA EN GEOGRAFIA,65.0000,50,21,21
2,CUCSH,LICENCIATURA EN HISTORIA,70.8700,90,85,85
2,CUCSH,LICENCIATURA EN LETRAS HISPANICAS,86.0300,82,82,134
2,CUCSH,LICENCIATURA EN CRIMINOLOGIA,143.1067,90,90,335
2,CUCSH,LICENCIATURA EN ESCRITURA CREATIVA,87.9200,40,40,75
2,CUCSH,LICENCIATURA EN ESTUDIOS POLITICOS Y GOBIERNO,67.0000,80,78,78
2,CUCSH,LICENCIATURA EN RELACIONES INTERNACIONALES,152.1667,80,80,267
2,CUCSH,LICENCIATURA EN SOCIOLOGIA,69.3000,100,41,41
2,CUCSH,LICENCIATURA EN TRABAJO SOCIAL (ESCOLARIZADA),86.0000,156,156,356
2,CUCSH,LICENCIATURA EN TRABAJO SOCIAL (NIVELACION),72.0000,35,35,35
2,CUALTOS,ABOGADO,137.3267,44,44,107
2,CUALTOS,INGENIERIA AGROINDUSTRIAL,128.5467,44,44,63
2,CUALTOS,INGENIERIA EN COMPUTACION,147.7800,44,44,91
2,CUALTOS,INGENIERIA EN SISTEMAS PECUARIOS,100.4600,44,36,36
2,CUALTOS,LICENCIATURA EN ADMINISTRACION,141.8667,44,44,88
2,CUALTOS,LICENCIATURA EN CIRUJANO DENTISTA,164.4833,44,44,291
2,CUALTOS,LICENCIATURA EN CONTADURIA PUBLICA,150.2633,44,44,131
2,CUALTOS,LICENCIATURA EN ENFERMERIA,141.6967,44,44,118
2,CUALTOS,LICENCIATURA EN MEDICINA VETERINARIA Y ZOOTECNIA,156.2500,44,44,242
2,CUALTOS,LICENCIATURA EN NEGOCIOS INTERNACIONALES,153.1033,44,44,128
2,CUALTOS,LICENCIATURA EN NUTRICION,140.6867,44,44,117
2,CUALTOS,LICENCIATURA EN PSICOLOGIA ,144.2467,44,44,116
2,CUALTOS,MEDICO CIRUJANO Y PARTERO,178.0667,44,44,547
2,CUCI,ABOGADO,72.0000,35,24,24
2,CUCI,LICENCIATURA EN ADMINISTRACION,82.0000,35,17,17
2,CUCI,LICENCIATURA EN CONTADURIA PUBLICA,81.0000,35,26,26
2,CUCI,LICENCIATURA EN PSICOLOGIA ,68.0000,35,21,21
2,CUCI,LICENCIATURA EN RECURSOS HUMANOS,79.0000,35,11,11
2,CUCI,ABOGADO,79.0000,35,13,13
2,CUCI,LICENCIATURA EN ADMINISTRACION,74.0000,35,16,16
2,CUCI,LICENCIATURA EN AGROBIOTECNOLOGIA,62.0000,35,30,30
2,CUCI,LICENCIATURA EN AGRONEGOCIOS,70.0000,35,24,24
2,CUCI,LICENCIATURA EN ENFERMERIA (NIVELACION),83.2000,20,12,12
2,CUCI,ABOGADO,68.0000,80,64,64
2,CUCI,INGENIERIA EN COMPUTACION,84.0000,43,43,59
2,CUCI,INGENIERIA INDUSTRIAL,132.2000,40,40,72
2,CUCI,INGENIERIA INFORMATICA,79.0000,40,40,48
2,CUCI,INGENIERIA QUIMICA,151.5000,40,40,116
2,CUCI,LICENCIATURA EN ADMINISTRACION,86.0000,40,40,82
2,CUCI,LICENCIATURA EN CONTADURIA PUBLICA,88.0000,41,41,61
2,CUCI,LICENCIATURA EN MERCADOTECNIA,80.3500,40,40,49
2,CUCI,LICENCIATURA EN NEGOCIOS INTERNACIONALES,80.0000,81,81,104
2,CUCI,LICENCIATURA EN PERIODISMO,76.3000,40,21,21
2,CUCI,LICENCIATURA EN PSICOLOGIA ,77.0000,81,81,93
2,CUCI,LICENCIATURA EN QUIMICO FARMACEUTICO BIOLOGO,152.7500,60,60,204
2,CUCI,LICENCIATURA EN RECURSOS HUMANOS,79.0000,40,40,48
2,CUCOSTA,ABOGADO,82.0000,90,90,125
2,CUCOSTA,INGENIERIA CIVIL,79.0000,81,81,91
2,CUCOSTA,INGENIERIA EN COMPUTACION,85.0000,40,40,69
2,CUCOSTA,INGENIERIA EN TELEMATICA,70.0000,27,27,27
2,CUCOSTA,INGENIERIA EN VIDEOJUEGOS,88.0000,30,30,70
2,CUCOSTA,LICENCIATURA EN ADMINISTRACION,130.1667,90,90,176
2,CUCOSTA,LICENCIATURA EN ARQUITECTURA,137.9167,80,80,160
2,CUCOSTA,LICENCIATURA EN ARTES VISUALES PARA LA EXPRESION FOTOGRAFICA,70.6500,20,14,14
2,CUCOSTA,LICENCIATURA EN ARTES VISUALES PARA LA EXPRESION PLASTICA,81.0000,22,22,27
2,CUCOSTA,LICENCIATURA EN BIOLOGIA,83.0000,41,41,61
2,CUCOSTA,LICENCIATURA EN CIENCIAS Y ARTES CULINARIAS,90.8200,30,30,93
2,CUCOSTA,LICENCIATURA EN CONTADURIA PUBLICA,134.7500,90,90,156
2,CUCOSTA,LICENCIATURA EN CULTURA FISICA Y DEPORTES,78.0000,43,43,55
2,CUCOSTA,LICENCIATURA EN DISEÑO PARA LA COMUNICACION GRAFICA,78.0000,41,41,45
2,CUCOSTA,LICENCIATURA EN ENFERMERIA,136.8233,41,41,146
2,CUCOSTA,LICENCIATURA EN INGENIERIA EN COMUNICACION MULTIMEDIA,61.0000,69,58,58
2,CUCOSTA,LICENCIATURA EN NUTRICION,137.6433,40,40,107
2,CUCOSTA,LICENCIATURA EN PSICOLOGIA ,126.6600,90,90,158
2,CUCOSTA,LICENCIATURA EN TURISMO,64.9200,76,64,64
2,CUCOSTA,MEDICO CIRUJANO Y PARTERO,175.5833,41,41,524
2,CUCOSTA,ABOGADO,69.0000,10,8,8
2,CUCOSTA,LICENCIATURA EN ADMINISTRACION,73.0000,17,14,14
2,CUCOSTA,LICENCIATURA EN TURISMO,73.5600,11,9,9
2,CUCSUR,ABOGADO,69.0000,80,67,67
2,CUCSUR,INGENIERIA DE PROCESOS Y COMERCIO INTERNACIONAL,76.1700,40,29,29
2,CUCSUR,INGENIERIA MECATRONICA,70.0000,40,36,36
2,CUCSUR,INGENIERO AGRONOMO,86.1500,51,51,111
2,CUCSUR,LICENCIATURA EN ADMINISTRACION,83.5800,51,51,62
2,CUCSUR,LICENCIATURA EN ADMINISTRACION FINANCIERA Y SISTEMAS,75.0000,40,23,23
2,CUCSUR,LICENCIATURA EN ARTES (ESCOLARIZADA),72.0000,40,40,40
2,CUCSUR,LICENCIATURA EN BIOLOGIA MARINA,70.0000,70,59,59
2,CUCSUR,LICENCIATURA EN CONTADURIA PUBLICA,81.1900,71,71,83
2,CUCSUR,LICENCIATURA EN ENFERMERIA,92.7200,41,41,108
2,CUCSUR,LICENCIATURA EN INGENIERIA EN OBRAS Y SERVICIOS,76.1400,42,37,37
2,CUCSUR,LICENCIATURA EN INGENIERIA EN RECURSOS NATURALES Y AGROPECUARIOS,70.0000,30,13,13
2,CUCSUR,LICENCIATURA EN INGENIERIA EN TELEINFORMATICA,73.0000,33,29,29
2,CUCSUR,LICENCIATURA EN NUTRICION,71.3300,40,38,38
2,CUCSUR,LICENCIATURA EN TURISMO,75.1400,30,18,18
2,CUCSUR,TECNICO SUPERIOR UNIVERSITARIO EN ELECTRONICA Y MECANICA AUTOMOTRIZ,71.0000,50,37,37
2,CULAGOS,ABOGADO,112.2867,45,45,53
2,CULAGOS,INGENIERIA BIOQUIMICA,142.1667,45,45,87
2,CULAGOS,INGENIERIA EN ELECTRONICA Y COMPUTACION,69.0000,45,33,33
2,CULAGOS,INGENIERIA INDUSTRIAL,103.9800,45,45,46
2,CULAGOS,INGENIERIA MECANICA ELECTRICA,71.8200,45,16,16
2,CULAGOS,INGENIERIA MECATRONICA,138.5733,45,45,70
2,CULAGOS,LICENCIATURA EN ADMINISTRACION,125.7600,45,45,70
2,CULAGOS,LICENCIATURA EN HUMANIDADES,70.0000,45,18,18
2,CULAGOS,LICENCIATURA EN INGENIERIA EN ADMINISTRACION INDUSTRIAL,69.0000,45,45,45
2,CULAGOS,LICENCIATURA EN PSICOLOGIA ,115.4167,45,45,59
2,CULAGOS,ABOGADO (SEMIESCOLARIZADO),68.0000,45,33,33
2,CULAGOS,INGENIERIA EN VIDEOJUEGOS,62.0000,45,43,43
2,CULAGOS,LICENCIATURA EN PERIODISMO,79.0000,45,6,6
2,CULAGOS,LICENCIATURA EN PSICOLOGIA ,70.0000,45,42,42
2,CULAGOS,LICENCIATURA EN TECNOLOGIAS DE LA INFORMACION,77.0000,45,14,14
2,CUNORTE,ABOGADO,69.0000,60,45,45
2,CUNORTE,INGENIERIA EN ELECTRONICA Y COMPUTACION,67.9700,30,19,19
2,CUNORTE,INGENIERIA MECANICA ELECTRICA,70.0000,30,15,15
2,CUNORTE,LICENCIATURA EN ADMINISTRACION,64.0000,40,33,33
2,CUNORTE,LICENCIATURA EN AGRONEGOCIOS,70.0000,30,18,18
2,CUNORTE,LICENCIATURA EN ANTROPOLOGIA,78.0000,10,2,2
2,CUNORTE,LICENCIATURA EN CONTADURIA PUBLICA,70.0000,40,28,28
2,CUNORTE,LICENCIATURA EN EDUCACION,70.6700,100,85,85
2,CUNORTE,LICENCIATURA EN ENFERMERIA,63.0000,96,71,71
2,CUNORTE,LICENCIATURA EN ENFERMERIA (NIVELACION),76.4900,25,19,19
2,CUNORTE,LICENCIATURA EN NUTRICION,70.3800,35,21,21
2,CUNORTE,LICENCIATURA EN PSICOLOGIA ,61.0000,40,32,32
2,CUNORTE,LICENCIATURA EN TURISMO,72.0000,25,14,14
2,CUSUR,ABOGADO,87.0000,91,91,152
2,CUSUR,CARRERA EN ENFERMERIA,71.0000,40,22,22
2,CUSUR,INGENIERIA EN GEOFISICA,75.0800,40,13,13
2,CUSUR,INGENIERIA EN SISTEMAS BIOLOGICOS,86.7000,40,40,53
2,CUSUR,INGENIERIA EN TELEMATICA,74.0000,49,49,49
2,CUSUR,LICENCIATURA EN AGROBIOTECNOLOGIA,83.7700,40,40,73
2,CUSUR,LICENCIATURA EN AGRONEGOCIOS,83.0000,71,71,117
2,CUSUR,LICENCIATURA EN DESARROLLO TURISTICO SUSTENTABLE,72.0000,40,33,33
2,CUSUR,LICENCIATURA EN ENFERMERIA,137.0000,80,80,204
2,CUSUR,LICENCIATURA EN LETRAS HISPANICAS,76.2600,30,22,22
2,CUSUR,LICENCIATURA EN MEDICINA VETERINARIA Y ZOOTECNIA,137.6667,75,75,256
2,CUSUR,LICENCIATURA EN NEGOCIOS INTERNACIONALES,144.6667,80,80,211
2,CUSUR,LICENCIATURA EN NUTRICION,88.0000,60,60,122
2,CUSUR,LICENCIATURA EN PERIODISMO,80.5600,30,18,18
2,CUSUR,LICENCIATURA EN PSICOLOGIA ,85.9700,80,80,135
2,CUSUR,LICENCIATURA EN SEGURIDAD LABORAL PROTECCION CIVIL Y EMERGENCIAS,81.9200,40,40,70
2,CUSUR,LICENCIATURA EN TRABAJO SOCIAL (MIXTA),78.0000,40,40,55
2,CUSUR,MEDICO CIRUJANO Y PARTERO,177.7500,60,60,683
2,CUTONALA,ABOGADO,87.4300,180,180,496
2,CUTONALA,INGENIERIA EN CIENCIAS COMPUTACIONALES,88.0000,91,91,229
2,CUTONALA,INGENIERIA EN ENERGIA,70.8500,90,68,68
2,CUTONALA,INGENIERIA EN NANOTECNOLOGIA,88.0000,95,95,171
2,CUTONALA,LICENCIATURA EN ADMINISTRACION DE NEGOCIOS,87.0000,124,124,306
2,CUTONALA,LICENCIATURA EN ARQUITECTURA,87.2100,81,81,148
2,CUTONALA,LICENCIATURA EN CIENCIAS FORENSES,92.6700,35,35,201
2,CUTONALA,LICENCIATURA EN CONTADURIA PUBLICA,87.0000,125,125,289
2,CUTONALA,LICENCIATURA EN DISEÑO DE ARTESANIA,73.2300,30,29,29
2,CUTONALA,LICENCIATURA EN ESTUDIOS LIBERALES,70.0000,30,21,21
2,CUTONALA,LICENCIATURA EN GERONTOLOGIA,89.0000,35,35,70
2,CUTONALA,LICENCIATURA EN HISTORIA DEL ARTE,66.6800,31,31,31
2,CUTONALA,LICENCIATURA EN NUTRICION,90.5100,70,70,297
2,CUTONALA,LICENCIATURA EN SALUD PUBLICA,85.0000,35,35,66
2,CUTONALA,MEDICO CIRUJANO Y PARTERO,176.3367,120,120,1211
2,CUVALLES,ABOGADO,120.8367,80,80,128
2,CUVALLES,INGENIERIA EN DISEÑO MOLECULAR DE MATERIALES,79.0000,20,10,10
2,CUVALLES,INGENIERIA EN ELECTRONICA Y COMPUTACION,86.0000,40,40,66
2,CUVALLES,INGENIERIA EN GEOFISICA,74.0000,20,11,11
2,CUVALLES,INGENIERIA EN INSTRUMENTACION ELECTRONICA Y NANOSENSORES,69.9500,20,11,11
2,CUVALLES,INGENIERIA EN SISTEMAS BIOLOGICOS,75.0000,30,22,22
2,CUVALLES,INGENIERIA MECATRONICA,86.0000,41,41,63
2,CUVALLES,LICENCIATURA EN ADMINISTRACION,126.4000,80,80,131
2,CUVALLES,LICENCIATURA EN AGRONEGOCIOS,73.0300,40,40,42
2,CUVALLES,LICENCIATURA EN CONTADURIA PUBLICA,132.5800,80,80,118
2,CUVALLES,LICENCIATURA EN EDUCACION,124.6367,80,80,138
2,CUVALLES,LICENCIATURA EN ENFERMERIA,134.9167,70,70,246
2,CUVALLES,LICENCIATURA EN NUTRICION,133.5000,40,40,99
2,CUVALLES,LICENCIATURA EN PSICOLOGIA ,125.1667,80,80,126
2,CUVALLES,LICENCIATURA EN TECNOLOGIAS DE LA INFORMACION,68.1500,30,24,24
2,CUVALLES,LICENCIATURA EN TRABAJO SOCIAL (ESCOLARIZADA),88.0000,40,40,84
2,CUVALLES,LICENCIATURA EN TURISMO,73.3600,40,32,32
2,SUV,BACHILLERATO GENERAL POR AREAS INTERDISCIPLINARIAS,65.0000,128,116,137
2,SUV,LICENCIATURA DE MERCADOTECNIA DIGITAL,60.0000,262,257,299
2,SUV,LICENCIATURA EN ADMINISTRACION DE LAS ORGANIZACIONES,66.1000,297,282,328
2,SUV,LICENCIATURA EN BIBLIOTECOLOGIA Y GESTION DEL CONOCIMIENTO,68.0000,25,25,28
2,SUV,LICENCIATURA EN DESARROLLO DE SISTEMAS WEB,65.0000,167,155,188
2,SUV,LICENCIATURA EN DESARROLLO EDUCATIVO,60.0000,138,123,150
2,SUV,LICENCIATURA EN GESTION CULTURAL,60.0000,86,79,90
2,SUV,LICENCIATURA EN PERIODISMO DIGITAL,60.0000,19,16,19
2,SUV,LICENCIATURA EN SEGURIDAD CIUDADANA,68.2000,29,28,31
2,SUV,LICENCIATURA EN TECNOLOGIAS E INFORMACION,60.0000,146,135,155
2,TLAJOMULCO,INGENIERIA BIOMEDICA,122.3800,35,35,41
2,TLAJOMULCO,INGENIERIA CIVIL,150.2500,35,35,107
2,TLAJOMULCO,INGENIERIA MECATRONICA,148.6300,35,35,129
2,TLAJOMULCO,LICENCIATURA EN ADMINISTRACION,137.3333,70,70,182
2,TLAJOMULCO,LICENCIATURA EN ENFERMERIA,133.5167,70,70,178
2,TLAJOMULCO,LICENCIATURA EN NEGOCIOS INTERNACIONALES,134.8033,70,70,141
2,TLAJOMULCO,LICENCIATURA EN NUTRICION,119.4867,70,70,99
2,TLAJOMULCO,MEDICO CIRUJANO Y PARTERO,172.2500,70,70,648
2,TLAJOMULCO,INGENIERIA EN BIOTECNOLOGIA,108.5833,40,40,42
2,TLAJOMULCO,INGENIERIA EN DISEÑO INDUSTRIAL,115.5000,40,40,53
2,TLAJOMULCO,LICENCIATURA EN TERAPIA FISICA,128.5600,120,120,223